id,which
0,1
1,0
2,1
3,0
4,0
5,1
6,1
7,0
8,1
9,1
10,1
11,1
12,0
13,1
14,1
15,0
16,1
17,0
18,0
19,0
20,0
21,1
22,1
23,0
24,0
25,0
26,0
27,0
28,1
29,0
30,0
31,0
32,0
33,0
34,1
35,1
36,0
37,0
38,1
39,1
40,0
41,0
42,0
43,0
44,1
45,0
46,0
47,0
48,0
49,0
50,1
51,0
52,1
53,1
54,1
55,0
56,0
57,1
58,0
59,0
60,1
61,0
62,0
63,0
64,1
65,1
66,1
67,0
68,0
69,0
70,0
71,0
72,0
73,1
74,0
75,1
76,1
77,0
78,0
79,1
80,1
81,1
82,0
83,1
84,0
85,1
86,1
87,1
88,0
89,1
90,0
91,0
92,0
93,0
94,0
95,0
96,1
97,1
98,0
99,1
100,0
101,1
102,0
103,0
104,1
105,1
106,0
107,0
108,1
109,0
110,1
111,0
112,0
113,0
114,0
115,0
116,0
117,0
118,0
119,1
120,1
121,0
122,1
123,0
124,0
125,1
126,0
127,1
128,0
129,0
130,1
131,1
132,0
133,0
134,1
135,1
136,0
137,0
138,1
139,1
140,0
141,1
142,1
143,1
144,0
145,1
146,0
147,1
148,0
149,0
150,0
151,1
152,0
153,0
154,1
155,0
156,0
157,1
158,0
159,0
160,0
161,0
162,0
163,1
164,0
165,0
166,1
167,0
168,1
169,1
170,1
171,0
172,1
173,0
174,0
175,0
176,0
177,1
178,0
179,1
180,0
181,0
182,1
183,1
184,1
185,1
186,0
187,1
188,0
189,1
190,0
191,1
192,1
193,1
194,0
195,0
196,1
197,0
198,1
199,1
200,0
201,0
202,0
203,1
204,1
205,1
206,0
207,0
208,1
209,1
210,0
211,0
212,1
213,0
214,1
215,0
216,0
217,1
218,1
219,0
220,0
221,0
222,0
223,0
224,0
225,0
226,0
227,1
228,1
229,0
230,1
231,1
232,0
233,1
234,1
235,1
236,1
237,1
238,0
239,0
240,1
241,1
242,0
243,1
244,1
245,0
246,1
247,0
248,1
249,0
250,0
251,1
252,0
253,0
254,1
255,1
256,1
257,1
258,1
259,1
260,0
261,1
262,1
263,0
264,0
265,1
266,0
267,0
268,0
269,0
270,1
271,1
272,1
273,0
274,0
275,0
276,1
277,0
278,1
279,1
280,1
281,0
282,0
283,0
284,0
285,0
286,0
287,0
288,1
289,0
290,0
291,0
292,0
293,1
294,1
295,0
296,1
297,0
298,0
299,0
300,1
301,1
302,1
303,0
304,1
305,0
306,1
307,1
308,1
309,0
310,1
311,1
312,1
313,0
314,1
315,0
316,0
317,0
318,1
319,0
320,1
321,0
322,0
323,1
324,1
325,1
326,1
327,1
328,1
329,0
330,1
331,1
332,0
333,0
334,1
335,1
336,0
337,1
338,1
339,1
340,1
341,0
342,0
343,1
344,0
345,1
346,1
347,1
348,0
349,0
350,0
351,0
352,1
353,0
354,0
355,0
356,1
357,1
358,0
359,1
360,0
361,0
362,1
363,0
364,1
365,1
366,0
367,0
368,0
369,0
370,1
371,0
372,0
373,0
374,0
375,0
376,1
377,0
378,1
379,1
380,1
381,0
382,1
383,0
384,0
385,1
386,1
387,1
388,1
389,0
390,1
391,0
392,1
393,1
394,0
395,1
396,0
397,1
398,1
399,1
400,0
401,0
402,1
403,1
404,1
405,0
406,1
407,0
408,0
409,0
410,1
411,1
412,1
413,0
414,0
415,1
416,1
417,0
418,1
419,0
420,0
421,1
422,0
423,0
424,1
425,1
426,0
427,1
428,1
429,1
430,1
431,0
432,1
433,1
434,1
435,0
436,0
437,0
438,1
439,1
440,1
441,1
442,1
443,0
444,0
445,0
446,0
447,1
448,1
449,0
450,0
451,0
452,1
453,0
454,0
455,0
456,1
457,0
458,0
459,1
460,0
461,1
462,0
463,0
464,0
465,0
466,1
467,1
468,0
469,0
470,1
471,1
472,0
473,1
474,1
475,1
476,0
477,0
478,0
479,0
480,1
481,0
482,1
483,1
484,0
485,1
486,1
487,0
488,1
489,1
490,0
491,1
492,0
493,1
494,1
495,1
496,1
497,1
498,0
499,1
500,0
501,0
502,1
503,0
504,0
505,0
506,1
507,1
508,1
509,1
510,0
511,1
512,1
513,0
514,0
515,0
516,1
517,1
518,1
519,1
520,1
521,0
522,1
523,1
524,1
525,0
526,0
527,0
528,0
529,1
530,1
531,1
532,0
533,1
534,0
535,0
536,1
537,1
538,1
539,0
540,1
541,1
542,0
543,1
544,0
545,1
546,0
547,1
548,0
549,1
550,0
551,0
552,0
553,1
554,1
555,0
556,0
557,0
558,0
559,1
560,1
561,1
562,1
563,1
564,0
565,1
566,1
567,1
568,0
569,0
570,1
571,1
572,1
573,0
574,1
575,0
576,0
577,1
578,0
579,0
580,0
581,0
582,1
583,0
584,0
585,1
586,1
587,0
588,1
589,1
590,1
591,1
592,1
593,1
594,0
595,1
596,1
597,1
598,1
599,1
600,0
601,1
602,0
603,0
604,1
605,0
606,1
607,0
608,1
609,0
610,1
611,0
612,0
613,0
614,1
615,1
616,0
617,0
618,0
619,1
620,0
621,0
622,0
623,1
624,1
625,1
626,1
627,0
628,0
629,1
630,1
631,0
632,0
633,0
634,1
635,0
636,1
637,0
638,1
639,1
640,1
641,1
642,1
643,1
644,1
645,0
646,1
647,0
648,0
649,0
650,0
651,1
652,1
653,0
654,0
655,1
656,1
657,0
658,1
659,0
660,1
661,0
662,1
663,1
664,1
665,1
666,0
667,0
668,1
669,0
670,1
671,1
672,0
673,1
674,1
675,0
676,0
677,0
678,0
679,0
680,0
681,0
682,0
683,0
684,0
685,0
686,0
687,1
688,1
689,0
690,0
691,1
692,0
693,1
694,1
695,0
696,0
697,0
698,0
699,0
700,1
701,1
702,0
703,1
704,1
705,1
706,1
707,0
708,0
709,0
710,0
711,1
712,1
713,0
714,1
715,0
716,1
717,0
718,0
719,1
720,1
721,1
722,1
723,0
724,0
725,1
726,1
727,1
728,1
729,1
730,0
731,0
732,0
733,0
734,0
735,0
736,1
737,0
738,0
739,1
740,0
741,0
742,0
743,0
744,0
745,1
746,1
747,0
748,0
749,0
750,0
751,1
752,1
753,1
754,1
755,1
756,0
757,0
758,1
759,1
760,0
761,1
762,1
763,1
764,0
765,0
766,1
767,0
768,0
769,0
770,0
771,1
772,1
773,0
774,1
775,0
776,1
777,1
778,1
779,0
780,0
781,1
782,0
783,1
784,0
785,0
786,1
787,1
788,0
789,0
790,0
791,1
792,1
793,0
794,0
795,0
796,0
797,1
798,1
799,1
800,0
801,1
802,1
803,0
804,0
805,0
806,1
807,1
808,1
809,0
810,0
811,0
812,1
813,0
814,1
815,1
816,1
817,0
818,1
819,0
820,1
821,1
822,0
823,0
824,1
825,1
826,1
827,1
828,1
829,1
830,0
831,0
832,1
833,1
834,1
835,1
836,1
837,1
838,0
839,0
840,0
841,1
842,0
843,1
844,1
845,1
846,0
847,1
848,1
849,1
850,0
851,0
852,1
853,1
854,0
855,1
856,0
857,1
858,1
859,1
860,0
861,0
862,1
863,1
864,1
865,0
866,1
867,0
868,0
869,1
870,1
871,1
872,0
873,0
874,0
875,1
876,0
877,1
878,1
879,1
880,1
881,0
882,0
883,0
884,0
885,1
886,0
887,1
888,1
889,0
890,0
891,0
892,1
893,0
894,0
895,1
896,1
897,0
898,0
899,1
900,0
901,0
902,0
903,1
904,0
905,0
906,1
907,0
908,0
909,1
910,1
911,0
912,0
913,1
914,1
915,0
916,0
917,1
918,0
919,1
920,0
921,0
922,1
923,0
924,1
925,0
926,0
927,0
928,0
929,0
930,1
931,0
932,0
933,1
934,0
935,1
936,0
937,1
938,1
939,1
940,0
941,1
942,0
943,1
944,1
945,1
946,0
947,0
948,1
949,1
950,0
951,1
952,0
953,0
954,0
955,1
956,1
957,0
958,1
959,0
960,1
961,0
962,1
963,0
964,1
965,1
966,1
967,1
968,0
969,1
970,1
971,0
972,1
973,0
974,1
975,1
976,1
977,1
978,1
979,1
980,1
981,1
982,0
983,0
984,0
985,1
986,1
987,1
988,0
989,0
990,0
991,0
992,1
993,1
994,0
995,1
996,0
997,1
998,1
999,0
1000,1
1001,0
1002,1
1003,1
1004,0
1005,0
1006,1
1007,1
1008,0
1009,0
1010,0
1011,0
1012,0
1013,0
1014,0
1015,1
1016,0
1017,1
1018,0
1019,0
1020,0
1021,1
1022,1
1023,0
1024,0
1025,1
1026,1
1027,0
1028,0
1029,1
1030,0
1031,0
1032,0
1033,1
1034,1
1035,0
1036,1
1037,1
1038,0
1039,1
1040,1
1041,1
1042,0
1043,1
1044,0
1045,0
1046,0
1047,1
1048,1
1049,1
1050,0
1051,0
1052,0
1053,1
1054,1
1055,0
1056,0
1057,1
1058,1
1059,1
1060,0
1061,1
1062,1
1063,1
1064,0
1065,1
1066,0
1067,1
1068,1
1069,0
1070,0
1071,0
1072,1
1073,0
1074,0
1075,1
1076,1
1077,0
1078,1
1079,0
1080,0
1081,0
1082,0
1083,0
1084,1
1085,1
1086,1
1087,0
1088,1
1089,0
1090,0
1091,0
1092,1
1093,0
1094,1
1095,0
1096,0
1097,1
1098,0
1099,1
1100,0
1101,0
1102,0
1103,0
1104,0
1105,0
1106,1
1107,0
1108,0
1109,0
1110,0
1111,1
1112,0
1113,1
1114,1
1115,0
1116,0
1117,0
1118,1
1119,1
1120,1
1121,0
1122,0
1123,0
1124,0
1125,1
1126,1
1127,0
1128,0
1129,0
1130,1
1131,0
1132,1
1133,0
1134,1
1135,0
1136,0
1137,0
1138,1
1139,0
1140,0
1141,0
1142,0
1143,0
1144,0
1145,1
1146,0
1147,0
1148,1
1149,0
1150,0
1151,1
1152,0
1153,0
1154,0
1155,0
1156,0
1157,1
1158,1
1159,1
1160,1
1161,0
1162,1
1163,0
1164,1
1165,1
1166,0
1167,1
1168,1
1169,0
1170,1
1171,0
1172,1
1173,0
1174,1
1175,1
1176,1
1177,0
1178,0
1179,0
1180,0
1181,1
1182,0
1183,0
1184,0
1185,0
1186,0
1187,0
1188,1
1189,1
1190,0
1191,0
1192,0
1193,0
1194,0
1195,0
1196,1
1197,1
1198,1
1199,0
1200,0
1201,0
1202,1
1203,0
1204,1
1205,0
1206,1
1207,1
1208,1
1209,1
1210,0
1211,0
1212,1
1213,0
1214,1
1215,1
1216,1
1217,1
1218,0
1219,1
1220,0
1221,0
1222,1
1223,1
1224,0
1225,0
1226,1
1227,1
1228,0
1229,0
1230,0
1231,1
1232,0
1233,0
1234,1
1235,0
1236,0
1237,1
1238,0
1239,1
1240,0
1241,1
1242,0
1243,0
1244,0
1245,0
1246,1
1247,1
1248,1
1249,0
1250,0
1251,1
1252,0
1253,1
1254,1
1255,1
1256,1
1257,0
1258,1
1259,1
1260,0
1261,1
1262,0
1263,0
1264,1
1265,1
1266,0
1267,1
1268,0
1269,0
1270,0
1271,1
1272,1
1273,1
1274,1
1275,0
1276,1
1277,1
1278,0
1279,0
1280,1
1281,1
1282,0
1283,1
1284,1
1285,0
1286,0
1287,0
1288,0
1289,0
1290,1
1291,1
1292,0
1293,1
1294,1
1295,1
1296,1
1297,1
1298,1
1299,1
1300,1
1301,0
1302,1
1303,1
1304,0
1305,0
1306,0
1307,1
1308,1
1309,1
1310,0
1311,0
1312,0
1313,1
1314,1
1315,1
1316,1
1317,0
1318,0
1319,0
1320,0
1321,0
1322,1
1323,0
1324,0
1325,1
1326,0
1327,1
1328,1
1329,1
1330,1
1331,0
1332,1
1333,0
1334,0
1335,1
1336,0
1337,0
1338,1
1339,1
1340,1
1341,1
1342,1
1343,0
1344,1
1345,1
1346,1
1347,0
1348,1
1349,1
1350,0
1351,1
1352,0
1353,0
1354,0
1355,1
1356,0
1357,0
1358,1
1359,1
1360,0
1361,0
1362,0
1363,1
1364,0
1365,0
1366,0
1367,0
1368,0
1369,0
1370,0
1371,0
1372,1
1373,1
1374,0
1375,0
1376,1
1377,1
1378,0
1379,1
1380,1
1381,1
1382,0
1383,1
1384,1
1385,1
1386,1
1387,0
1388,0
1389,0
1390,0
1391,0
1392,1
1393,0
1394,1
1395,1
1396,0
1397,0
1398,1
1399,0
1400,0
1401,1
1402,1
1403,0
1404,1
1405,0
1406,0
1407,1
1408,0
1409,1
1410,1
1411,0
1412,1
1413,1
1414,0
1415,1
1416,1
1417,1
1418,1
1419,0
1420,1
1421,1
1422,0
1423,0
1424,1
1425,0
1426,0
1427,0
1428,1
1429,1
1430,1
1431,0
1432,1
1433,1
1434,1
1435,1
1436,1
1437,1
1438,1
1439,1
1440,1
1441,1
1442,0
1443,1
1444,1
1445,1
1446,1
1447,1
1448,1
1449,0
1450,1
1451,0
1452,1
1453,0
1454,0
1455,0
1456,0
1457,1
1458,1
1459,1
1460,1
1461,0
1462,1
1463,0
1464,1
1465,0
1466,0
1467,1
1468,1
1469,1
1470,0
1471,1
1472,0
1473,1
1474,1
1475,0
1476,0
1477,0
1478,1
1479,0
1480,1
1481,1
1482,1
1483,1
1484,1
1485,1
1486,1
1487,1
1488,0
1489,0
1490,0
1491,0
1492,1
1493,0
1494,0
1495,0
1496,0
1497,0
1498,0
1499,0
1500,1
1501,0
1502,1
1503,0
1504,1
1505,0
1506,0
1507,1
1508,1
1509,0
1510,1
1511,1
1512,1
1513,0
1514,1
1515,0
1516,1
1517,0
1518,0
1519,1
1520,0
1521,0
1522,0
1523,0
1524,1
1525,0
1526,0
1527,1
1528,0
1529,0
1530,0
1531,0
1532,1
1533,0
1534,1
1535,0
1536,0
1537,0
1538,1
1539,0
1540,0
1541,1
1542,0
1543,0
1544,1
1545,1
1546,0
1547,1
1548,1
1549,1
1550,0
1551,0
1552,1
1553,0
1554,0
1555,1
1556,1
1557,0
1558,0
1559,0
1560,1
1561,0
1562,0
1563,0
1564,0
1565,1
1566,1
1567,0
1568,1
1569,0
1570,1
1571,0
1572,1
1573,0
1574,0
1575,0
1576,0
1577,0
1578,0
1579,1
1580,0
1581,0
1582,0
1583,0
1584,0
1585,0
1586,1
1587,1
1588,0
1589,1
1590,1
1591,1
1592,1
1593,0
1594,1
1595,1
1596,1
1597,0
1598,1
1599,1
1600,0
1601,1
1602,0
1603,1
1604,1
1605,1
1606,1
1607,0
1608,1
1609,0
1610,1
1611,0
1612,1
1613,0
1614,0
1615,1
1616,1
1617,0
1618,1
1619,0
1620,1
1621,0
1622,1
1623,1
1624,1
1625,1
1626,1
1627,0
1628,0
1629,1
1630,1
1631,1
1632,0
1633,0
1634,0
1635,0
1636,0
1637,1
1638,1
1639,0
1640,0
1641,1
1642,1
1643,1
1644,1
1645,1
1646,0
1647,1
1648,1
1649,1
1650,0
1651,1
1652,0
1653,1
1654,1
1655,1
1656,1
1657,1
1658,0
1659,0
1660,0
1661,0
1662,0
1663,0
1664,1
1665,0
1666,0
1667,0
1668,1
1669,0
1670,0
1671,1
1672,0
1673,0
1674,0
1675,1
1676,1
1677,1
1678,1
1679,1
1680,1
1681,1
1682,0
1683,1
1684,0
1685,0
1686,1
1687,0
1688,0
1689,1
1690,1
1691,1
1692,1
1693,0
1694,1
1695,0
1696,1
1697,1
1698,0
1699,1
1700,0
1701,0
1702,1
1703,1
1704,0
1705,0
1706,0
1707,0
1708,0
1709,0
1710,0
1711,1
1712,0
1713,0
1714,0
1715,1
1716,0
1717,0
1718,1
1719,0
1720,0
1721,1
1722,1
1723,0
1724,1
1725,1
1726,1
1727,0
1728,1
1729,0
1730,0
1731,0
1732,0
1733,1
1734,1
1735,0
1736,0
1737,0
1738,1
1739,0
1740,0
1741,0
1742,1
1743,0
1744,0
1745,1
1746,1
1747,1
1748,1
1749,1
1750,1
1751,0
1752,1
1753,0
1754,0
1755,0
1756,0
1757,1
1758,1
1759,0
1760,1
1761,0
1762,1
1763,1
1764,0
1765,1
1766,0
1767,1
1768,1
1769,0
1770,1
1771,1
1772,1
1773,1
1774,0
1775,1
1776,0
1777,1
1778,0
1779,1
1780,0
1781,1
1782,0
1783,1
1784,0
1785,0
1786,1
1787,1
1788,1
1789,1
1790,0
1791,1
1792,0
1793,1
1794,0
1795,0
1796,0
1797,1
1798,1
1799,0
1800,1
1801,1
1802,0
1803,0
1804,1
1805,1
1806,1
1807,1
1808,1
1809,1
1810,1
1811,0
1812,0
1813,1
1814,0
1815,1
1816,0
1817,1
1818,1
1819,0
1820,1
1821,1
1822,1
1823,1
1824,1
1825,1
1826,0
1827,1
1828,0
1829,1
1830,1
1831,0
1832,0
1833,0
1834,1
1835,0
1836,1
1837,1
1838,1
1839,1
1840,0
1841,1
1842,1
1843,0
1844,1
1845,0
1846,0
1847,0
1848,1
1849,0
1850,1
1851,1
1852,1
1853,0
1854,0
1855,0
1856,0
1857,1
1858,0
1859,0
1860,1
1861,0
1862,0
1863,0
1864,1
1865,1
1866,0
1867,0
1868,1
1869,0
1870,1
1871,1
1872,0
1873,0
1874,0
1875,1
1876,0
1877,1
1878,1
1879,0
1880,0
1881,0
1882,0
1883,1
1884,1
1885,0
1886,1
1887,0
1888,1
1889,1
1890,1
1891,1
1892,0
1893,0
1894,1
1895,0
1896,1
1897,0
1898,1
1899,1
1900,0
1901,1
1902,0
1903,1
1904,0
1905,1
1906,1
1907,0
1908,0
1909,1
1910,1
1911,1
1912,0
1913,0
1914,1
1915,1
1916,1
1917,1
1918,1
1919,1
1920,1
1921,1
1922,1
1923,1
1924,1
1925,1
1926,0
1927,1
1928,0
1929,1
1930,1
1931,1
1932,1
1933,0
1934,1
1935,0
1936,0
1937,1
1938,0
1939,1
1940,0
1941,1
1942,1
1943,1
1944,1
1945,1
1946,0
1947,0
1948,0
1949,1
1950,0
1951,1
1952,0
1953,1
1954,1
1955,1
1956,1
1957,0
1958,0
1959,0
1960,1
1961,1
1962,0
1963,1
1964,1
1965,0
1966,0
1967,1
1968,0
1969,0
1970,0
1971,0
1972,0
1973,1
1974,0
1975,1
1976,0
1977,1
1978,1
1979,0
1980,0
1981,0
1982,0
1983,0
1984,1
1985,1
1986,0
1987,0
1988,0
1989,0
1990,1
1991,0
1992,1
1993,0
1994,1
1995,1
1996,1
1997,0
1998,0
1999,0
2000,0
2001,1
2002,0
2003,1
2004,0
2005,1
2006,1
2007,0
2008,0
2009,1
2010,1
2011,0
2012,1
2013,1
2014,0
2015,1
2016,1
2017,0
2018,0
2019,0
2020,0
2021,1
2022,0
2023,1
2024,1
2025,1
2026,1
2027,1
2028,0
2029,0
2030,1
2031,0
2032,1
2033,1
2034,0
2035,0
2036,1
2037,0
2038,1
2039,1
2040,0
2041,1
2042,1
2043,0
2044,1
2045,0
2046,0
2047,0
2048,1
2049,0
2050,0
2051,0
2052,1
2053,0
2054,0
2055,1
2056,1
2057,0
2058,1
2059,1
2060,0
2061,0
2062,0
2063,0
2064,1
2065,0
2066,0
2067,1
2068,1
2069,0
2070,1
2071,1
2072,0
2073,1
2074,1
2075,1
2076,0
2077,1
2078,1
2079,0
2080,0
2081,0
2082,0
2083,1
2084,0
2085,0
2086,0
2087,1
2088,1
2089,1
2090,1
2091,0
2092,1
2093,1
2094,1
2095,1
2096,0
2097,0
2098,0
2099,1
2100,0
2101,0
2102,0
2103,0
2104,1
2105,1
2106,1
2107,1
2108,1
2109,1
2110,0
2111,0
2112,0
2113,1
2114,0
2115,0
2116,1
2117,1
2118,0
2119,1
2120,1
2121,1
2122,0
2123,1
2124,1
2125,1
2126,0
2127,0
2128,0
2129,1
2130,0
2131,1
2132,0
2133,1
2134,0
2135,0
2136,1
2137,1
2138,0
2139,0
2140,0
2141,0
2142,0
2143,0
2144,1
2145,0
2146,1
2147,1
2148,0
2149,0
2150,0
2151,1
2152,1
2153,1
2154,1
2155,0
2156,0
2157,0
2158,0
2159,1
2160,0
2161,0
2162,0
2163,0
2164,1
2165,1
2166,0
2167,0
2168,1
2169,0
2170,1
2171,1
2172,1
2173,1
2174,0
2175,1
2176,0
2177,0
2178,1
2179,1
2180,1
2181,0
2182,1
2183,0
2184,1
2185,0
2186,1
2187,0
2188,1
2189,0
2190,1
2191,0
2192,0
2193,0
2194,0
2195,1
2196,1
2197,1
2198,0
2199,0
2200,1
2201,0
2202,1
2203,0
2204,1
2205,0
2206,1
2207,0
2208,0
2209,1
2210,0
2211,0
2212,0
2213,0
2214,1
2215,1
2216,1
2217,0
2218,1
2219,0
2220,1
2221,0
2222,0
2223,0
2224,0
2225,1
2226,1
2227,1
2228,0
2229,1
2230,1
2231,0
2232,0
2233,1
2234,0
2235,0
2236,1
2237,1
2238,0
2239,0
2240,1
2241,1
2242,0
2243,0
2244,0
2245,1
2246,0
2247,1
2248,1
2249,1
2250,1
2251,0
2252,1
2253,0
2254,0
2255,0
2256,0
2257,0
2258,0
2259,0
2260,1
2261,0
2262,1
2263,0
2264,1
2265,0
2266,1
2267,1
2268,1
2269,1
2270,0
2271,0
2272,0
2273,1
2274,1
2275,1
2276,0
2277,1
2278,1
2279,0
2280,1
2281,1
2282,0
2283,1
2284,1
2285,0
2286,1
2287,0
2288,1
2289,0
2290,0
2291,1
2292,0
2293,0
2294,1
2295,1
2296,1
2297,1
2298,1
2299,1
2300,0
2301,1
2302,1
2303,0
2304,1
2305,1
2306,0
2307,1
2308,1
2309,0
2310,0
2311,1
2312,0
2313,0
2314,1
2315,0
2316,1
2317,1
2318,1
2319,0
2320,1
2321,0
2322,1
2323,1
2324,0
2325,0
2326,0
2327,1
2328,0
2329,1
2330,0
2331,0
2332,0
2333,0
2334,1
2335,1
2336,1
2337,1
2338,0
2339,0
2340,0
2341,0
2342,0
2343,0
2344,1
2345,0
2346,0
2347,0
2348,1
2349,0
2350,1
2351,1
2352,0
2353,0
2354,0
2355,0
2356,1
2357,0
2358,0
2359,1
2360,0
2361,1
2362,0
2363,0
2364,0
2365,1
2366,0
2367,1
2368,0
2369,0
2370,0
2371,1
2372,1
2373,0
2374,0
2375,1
2376,1
2377,1
2378,1
2379,0
2380,1
2381,1
2382,0
2383,0
2384,0
2385,0
2386,1
2387,1
2388,1
2389,1
2390,1
2391,0
2392,1
2393,1
2394,0
2395,0
2396,0
2397,0
2398,1
2399,1
2400,0
2401,1
2402,0
2403,1
2404,1
2405,0
2406,1
2407,1
2408,0
2409,1
2410,1
2411,0
2412,1
2413,1
2414,1
2415,1
2416,0
2417,0
2418,0
2419,0
2420,0
2421,0
2422,1
2423,1
2424,0
2425,0
2426,1
2427,1
2428,0
2429,0
2430,0
2431,1
2432,1
2433,1
2434,1
2435,0
2436,0
2437,1
2438,0
2439,0
2440,0
2441,1
2442,0
2443,1
2444,1
2445,0
2446,0
2447,0
2448,0
2449,1
2450,1
2451,1
2452,1
2453,1
2454,1
2455,0
2456,0
2457,1
2458,0
2459,1
2460,0
2461,1
2462,1
2463,0
2464,1
2465,0
2466,1
2467,0
2468,0
2469,0
2470,1
2471,1
2472,0
2473,1
2474,1
2475,1
2476,1
2477,1
2478,0
2479,1
2480,1
2481,1
2482,0
2483,0
2484,0
2485,0
2486,0
2487,0
2488,0
2489,0
2490,0
2491,1
2492,0
2493,0
2494,1
2495,0
2496,0
2497,0
2498,0
2499,0
2500,1
2501,0
2502,0
2503,0
2504,0
2505,0
2506,0
2507,1
2508,1
2509,0
2510,1
2511,0
2512,0
2513,0
2514,1
2515,0
2516,1
2517,1
2518,0
2519,1
2520,0
2521,0
2522,0
2523,0
2524,0
2525,1
2526,1
2527,0
2528,0
2529,1
2530,0
2531,1
2532,0
2533,0
2534,1
2535,0
2536,0
2537,1
2538,1
2539,1
2540,0
2541,1
2542,1
2543,1
2544,1
2545,1
2546,1
2547,1
2548,0
2549,1
2550,1
2551,0
2552,1
2553,1
2554,0
2555,0
2556,0
2557,0
2558,1
2559,1
2560,0
2561,1
2562,0
2563,0
2564,1
2565,1
2566,0
2567,1
2568,1
2569,0
2570,1
2571,0
2572,1
2573,1
2574,1
2575,1
2576,1
2577,1
2578,0
2579,0
2580,0
2581,0
2582,1
2583,0
2584,1
2585,0
2586,0
2587,0
2588,0
2589,1
2590,1
2591,0
2592,0
2593,0
2594,1
2595,0
2596,1
2597,1
2598,0
2599,0
2600,0
2601,1
2602,1
2603,0
2604,1
2605,0
2606,0
2607,1
2608,1
2609,1
2610,1
2611,0
2612,1
2613,1
2614,0
2615,1
2616,0
2617,1
2618,0
2619,1
2620,0
2621,0
2622,1
2623,1
2624,1
2625,0
2626,0
2627,0
2628,1
2629,0
2630,0
2631,0
2632,1
2633,1
2634,0
2635,1
2636,1
2637,0
2638,1
2639,1
2640,1
2641,0
2642,1
2643,0
2644,1
2645,0
2646,1
2647,1
2648,1
2649,1
2650,1
2651,0
2652,0
2653,0
2654,1
2655,1
2656,1
2657,0
2658,0
2659,0
2660,1
2661,1
2662,0
2663,0
2664,0
2665,1
2666,1
2667,0
2668,1
2669,0
2670,1
2671,1
2672,1
2673,0
2674,1
2675,0
2676,0
2677,1
2678,0
2679,0
2680,0
2681,1
2682,1
2683,1
2684,1
2685,1
2686,0
2687,1
2688,0
2689,1
2690,0
2691,0
2692,0
2693,0
2694,0
2695,0
2696,1
2697,1
2698,1
2699,1
2700,0
2701,0
2702,1
2703,1
2704,0
2705,0
2706,1
2707,0
2708,1
2709,1
2710,1
2711,1
2712,0
2713,1
2714,1
2715,1
2716,1
2717,0
2718,0
2719,0
2720,1
2721,1
2722,1
2723,1
2724,1
2725,1
2726,0
2727,0
2728,0
2729,0
2730,1
2731,0
2732,1
2733,1
2734,0
2735,1
2736,1
2737,1
2738,0
2739,0
2740,0
2741,1
2742,0
2743,0
2744,1
2745,0
2746,1
2747,0
2748,0
2749,0
2750,0
2751,0
2752,0
2753,1
2754,1
2755,1
2756,1
2757,0
2758,1
2759,1
2760,1
2761,1
2762,1
2763,1
2764,0
2765,0
2766,0
2767,0
2768,0
2769,0
2770,1
2771,1
2772,0
2773,1
2774,0
2775,0
2776,1
2777,1
2778,1
2779,0
2780,0
2781,0
2782,1
2783,0
2784,0
2785,0
2786,0
2787,1
2788,1
2789,1
2790,1
2791,0
2792,0
2793,1
2794,0
2795,0
2796,1
2797,1
2798,1
2799,0
2800,0
2801,0
2802,1
2803,1
2804,0
2805,1
2806,0
2807,0
2808,1
2809,1
2810,0
2811,0
2812,1
2813,1
2814,1
2815,1
2816,0
2817,1
2818,0
2819,1
2820,0
2821,0
2822,0
2823,0
2824,0
2825,1
2826,0
2827,0
2828,0
2829,1
2830,0
2831,0
2832,0
2833,1
2834,1
2835,1
2836,0
2837,0
2838,1
2839,0
2840,1
2841,0
2842,0
2843,1
2844,1
2845,0
2846,0
2847,0
2848,1
2849,0
2850,0
2851,0
2852,0
2853,0
2854,0
2855,1
2856,1
2857,0
2858,0
2859,1
2860,1
2861,1
2862,0
2863,1
2864,1
2865,1
2866,1
2867,1
2868,0
2869,1
2870,0
2871,0
2872,1
2873,1
2874,1
2875,1
2876,1
2877,1
2878,0
2879,0
2880,1
2881,0
2882,0
2883,1
2884,0
2885,0
2886,1
2887,1
2888,1
2889,1
2890,1
2891,1
2892,1
2893,0
2894,1
2895,1
2896,0
2897,1
2898,0
2899,0
2900,1
2901,0
2902,1
2903,0
2904,1
2905,0
2906,0
2907,0
2908,1
2909,1
2910,0
2911,1
2912,0
2913,1
2914,0
2915,0
2916,1
2917,0
2918,1
2919,0
2920,0
2921,1
2922,1
2923,1
2924,0
2925,0
2926,1
2927,0
2928,1
2929,0
2930,0
2931,1
2932,1
2933,1
2934,0
2935,0
2936,1
2937,1
2938,0
2939,1
2940,0
2941,0
2942,0
2943,0
2944,1
2945,1
2946,1
2947,0
2948,0
2949,1
2950,0
2951,0
2952,0
2953,0
2954,1
2955,0
2956,0
2957,1
2958,0
2959,0
2960,1
2961,0
2962,0
2963,0
2964,0
2965,1
2966,1
2967,0
2968,1
2969,0
2970,0
2971,0
2972,1
2973,1
2974,1
2975,0
2976,1
2977,0
2978,0
2979,0
2980,1
2981,0
2982,0
2983,1
2984,0
2985,1
2986,0
2987,0
2988,0
2989,0
2990,1
2991,0
2992,1
2993,0
2994,0
2995,1
2996,1
2997,1
2998,1
2999,0
3000,1
3001,0
3002,1
3003,1
3004,1
3005,0
3006,1
3007,1
3008,1
3009,1
3010,1
3011,0
3012,0
3013,0
3014,1
3015,0
3016,0
3017,1
3018,1
3019,0
3020,1
3021,0
3022,0
3023,0
3024,1
3025,1
3026,1
3027,0
3028,1
3029,1
3030,1
3031,0
3032,0
3033,1
3034,0
3035,0
3036,1
3037,1
3038,1
3039,1
3040,1
3041,0
3042,1
3043,0
3044,0
3045,0
3046,1
3047,1
3048,1
3049,0
3050,0
3051,1
3052,0
3053,1
3054,1
3055,1
3056,1
3057,1
3058,1
3059,0
3060,0
3061,0
3062,1
3063,0
3064,0
3065,1
3066,1
3067,1
3068,1
3069,1
3070,1
3071,0
3072,1
3073,1
3074,1
3075,1
3076,1
3077,0
3078,0
3079,1
3080,0
3081,0
3082,1
3083,1
3084,1
3085,1
3086,1
3087,1
3088,0
3089,0
3090,1
3091,1
3092,0
3093,1
3094,1
3095,0
3096,0
3097,0
3098,1
3099,0
3100,0
3101,0
3102,1
3103,1
3104,0
3105,1
3106,0
3107,1
3108,1
3109,1
3110,1
3111,0
3112,1
3113,0
3114,1
3115,0
3116,1
3117,1
3118,1
3119,1
3120,1
3121,0
3122,1
3123,1
3124,0
3125,1
3126,0
3127,0
3128,0
3129,1
3130,1
3131,0
3132,0
3133,1
3134,0
3135,1
3136,1
3137,0
3138,0
3139,1
3140,0
3141,1
3142,1
3143,0
3144,1
3145,1
3146,1
3147,1
3148,1
3149,1
3150,0
3151,1
3152,0
3153,0
3154,1
3155,0
3156,1
3157,0
3158,0
3159,0
3160,1
3161,0
3162,0
3163,1
3164,0
3165,1
3166,1
3167,0
3168,0
3169,1
3170,1
3171,1
3172,0
3173,1
3174,0
3175,0
3176,1
3177,1
3178,0
3179,1
3180,1
3181,1
3182,1
3183,1
3184,1
3185,0
3186,1
3187,0
3188,1
3189,1
3190,0
3191,0
3192,0
3193,0
3194,0
3195,1
3196,1
3197,1
3198,1
3199,0
3200,0
3201,1
3202,0
3203,0
3204,0
3205,0
3206,0
3207,1
3208,0
3209,0
3210,1
3211,0
3212,0
3213,1
3214,0
3215,1
3216,1
3217,0
3218,0
3219,1
3220,1
3221,0
3222,1
3223,1
3224,1
3225,1
3226,1
3227,0
3228,1
3229,0
3230,0
3231,1
3232,1
3233,1
3234,0
3235,0
3236,1
3237,0
3238,1
3239,0
3240,0
3241,0
3242,1
3243,1
3244,1
3245,0
3246,0
3247,1
3248,1
3249,1
3250,1
3251,0
3252,1
3253,1
3254,1
3255,1
3256,0
3257,1
3258,0
3259,1
3260,0
3261,0
3262,1
3263,1
3264,1
3265,1
3266,1
3267,1
3268,1
3269,1
3270,0
3271,1
3272,0
3273,0
3274,0
3275,0
3276,0
3277,1
3278,0
3279,1
3280,0
3281,1
3282,0
3283,0
3284,1
3285,1
3286,1
3287,0
3288,1
3289,0
3290,0
3291,1
3292,1
3293,1
3294,1
3295,0
3296,1
3297,1
3298,0
3299,0
3300,0
3301,0
3302,0
3303,0
3304,0
3305,0
3306,1
3307,1
3308,1
3309,1
3310,0
3311,0
3312,0
3313,0
3314,0
3315,0
3316,1
3317,0
3318,1
3319,1
3320,0
3321,1
3322,1
3323,1
3324,1
3325,1
3326,1
3327,1
3328,0
3329,0
3330,0
3331,1
3332,0
3333,1
3334,0
3335,1
3336,0
3337,1
3338,0
3339,0
3340,0
3341,0
3342,1
3343,1
3344,1
3345,0
3346,0
3347,0
3348,1
3349,0
3350,1
3351,1
3352,0
3353,1
3354,1
3355,1
3356,0
3357,0
3358,0
3359,0
3360,0
3361,0
3362,0
3363,0
3364,1
3365,1
3366,1
3367,0
3368,1
3369,0
3370,0
3371,1
3372,1
3373,1
3374,1
3375,1
3376,1
3377,1
3378,0
3379,1
3380,1
3381,1
3382,1
3383,0
3384,1
3385,1
3386,0
3387,0
3388,1
3389,0
3390,1
3391,0
3392,1
3393,0
3394,0
3395,1
3396,1
3397,1
3398,0
3399,0
3400,1
3401,1
3402,1
3403,0
3404,1
3405,1
3406,0
3407,0
3408,0
3409,1
3410,1
3411,0
3412,1
3413,0
3414,1
3415,1
3416,0
3417,0
3418,1
3419,1
3420,1
3421,0
3422,0
3423,1
3424,1
3425,1
3426,1
3427,0
3428,0
3429,0
3430,0
3431,1
3432,1
3433,1
3434,0
3435,0
3436,0
3437,1
3438,0
3439,0
3440,0
3441,1
3442,0
3443,0
3444,0
3445,0
3446,0
3447,0
3448,1
3449,1
3450,0
3451,1
3452,0
3453,1
3454,0
3455,0
3456,1
3457,1
3458,0
3459,0
3460,0
3461,0
3462,0
3463,0
3464,1
3465,0
3466,1
3467,1
3468,0
3469,1
3470,0
3471,0
3472,1
3473,0
3474,0
3475,1
3476,1
3477,1
3478,0
3479,1
3480,1
3481,1
3482,0
3483,1
3484,0
3485,0
3486,1
3487,1
3488,1
3489,1
3490,1
3491,1
3492,0
3493,0
3494,1
3495,1
3496,0
3497,0
3498,0
3499,0
3500,0
3501,1
3502,1
3503,1
3504,1
3505,0
3506,1
3507,0
3508,0
3509,1
3510,0
3511,0
3512,0
3513,1
3514,1
3515,0
3516,0
3517,0
3518,1
3519,1
3520,1
3521,0
3522,0
3523,0
3524,0
3525,1
3526,0
3527,0
3528,0
3529,0
3530,1
3531,1
3532,1
3533,1
3534,0
3535,0
3536,0
3537,0
3538,1
3539,1
3540,0
3541,0
3542,1
3543,1
3544,1
3545,1
3546,1
3547,1
3548,1
3549,0
3550,1
3551,1
3552,1
3553,0
3554,1
3555,0
3556,0
3557,0
3558,1
3559,1
3560,0
3561,0
3562,0
3563,0
3564,1
3565,0
3566,1
3567,1
3568,1
3569,1
3570,1
3571,0
3572,1
3573,0
3574,0
3575,1
3576,0
3577,0
3578,1
3579,0
3580,1
3581,0
3582,0
3583,1
3584,1
3585,0
3586,1
3587,0
3588,1
3589,1
3590,0
3591,1
3592,0
3593,1
3594,0
3595,1
3596,1
3597,0
3598,0
3599,0
3600,0
3601,1
3602,1
3603,1
3604,0
3605,1
3606,0
3607,0
3608,0
3609,0
3610,0
3611,1
3612,0
3613,1
3614,0
3615,0
3616,1
3617,1
3618,1
3619,0
3620,0
3621,0
3622,1
3623,0
3624,1
3625,0
3626,0
3627,0
3628,1
3629,1
3630,1
3631,1
3632,0
3633,1
3634,1
3635,0
3636,1
3637,1
3638,1
3639,0
3640,0
3641,1
3642,1
3643,1
3644,0
3645,1
3646,1
3647,0
3648,0
3649,1
3650,0
3651,0
3652,1
3653,0
3654,0
3655,0
3656,1
3657,1
3658,0
3659,0
3660,0
3661,0
3662,0
3663,0
3664,1
3665,1
3666,0
3667,1
3668,1
3669,1
3670,0
3671,1
3672,0
3673,0
3674,0
3675,0
3676,1
3677,0
3678,1
3679,1
3680,0
3681,1
3682,0
3683,1
3684,1
3685,0
3686,0
3687,0
3688,1
3689,1
3690,0
3691,0
3692,1
3693,1
3694,0
3695,0
3696,0
3697,0
3698,1
3699,0
3700,0
3701,1
3702,0
3703,0
3704,0
3705,0
3706,1
3707,0
3708,1
3709,0
3710,0
3711,0
3712,1
3713,1
3714,0
3715,1
3716,0
3717,0
3718,1
3719,1
3720,0
3721,1
3722,0
3723,0
3724,0
3725,0
3726,0
3727,0
3728,0
3729,1
3730,0
3731,1
3732,1
3733,1
3734,0
3735,0
3736,0
3737,1
3738,0
3739,1
3740,0
3741,1
3742,0
3743,0
3744,1
3745,1
3746,0
3747,0
3748,0
3749,1
3750,1
3751,1
3752,0
3753,0
3754,1
3755,0
3756,0
3757,1
3758,0
3759,1
3760,0
3761,1
3762,1
3763,0
3764,1
3765,0
3766,1
3767,1
3768,1
3769,0
3770,0
3771,1
3772,1
3773,0
3774,0
3775,1
3776,1
3777,1
3778,1
3779,0
3780,0
3781,0
3782,1
3783,0
3784,1
3785,1
3786,1
3787,1
3788,0
3789,1
3790,1
3791,0
3792,0
3793,1
3794,1
3795,1
3796,1
3797,0
3798,0
3799,1
3800,0
3801,1
3802,0
3803,1
3804,1
3805,1
3806,0
3807,1
3808,1
3809,1
3810,1
3811,1
3812,0
3813,0
3814,0
3815,0
3816,1
3817,0
3818,0
3819,0
3820,1
3821,0
3822,1
3823,1
3824,0
3825,0
3826,1
3827,1
3828,1
3829,0
3830,1
3831,1
3832,0
3833,0
3834,1
3835,0
3836,0
3837,0
3838,1
3839,1
3840,0
3841,0
3842,0
3843,0
3844,1
3845,0
3846,0
3847,0
3848,0
3849,0
3850,1
3851,1
3852,1
3853,1
3854,1
3855,1
3856,0
3857,0
3858,1
3859,0
3860,0
3861,1
3862,1
3863,0
3864,1
3865,1
3866,1
3867,0
3868,1
3869,1
3870,1
3871,1
3872,1
3873,0
3874,0
3875,1
3876,0
3877,1
3878,1
3879,1
3880,0
3881,1
3882,0
3883,1
3884,0
3885,1
3886,0
3887,0
3888,1
3889,0
3890,1
3891,0
3892,1
3893,1
3894,1
3895,0
3896,1
3897,1
3898,0
3899,0
3900,0
3901,0
3902,0
3903,0
3904,0
3905,0
3906,1
3907,0
3908,1
3909,1
3910,1
3911,1
3912,0
3913,1
3914,0
3915,1
3916,0
3917,0
3918,0
3919,1
3920,1
3921,0
3922,0
3923,1
3924,1
3925,0
3926,1
3927,0
3928,0
3929,0
3930,1
3931,1
3932,1
3933,0
3934,1
3935,0
3936,1
3937,0
3938,1
3939,0
3940,0
3941,1
3942,0
3943,1
3944,1
3945,1
3946,0
3947,1
3948,1
3949,0
3950,1
3951,1
3952,0
3953,1
3954,1
3955,1
3956,1
3957,0
3958,0
3959,1
3960,0
3961,0
3962,0
3963,0
3964,1
3965,0
3966,1
3967,0
3968,1
3969,1
3970,1
3971,0
3972,0
3973,1
3974,1
3975,1
3976,1
3977,1
3978,1
3979,1
3980,1
3981,1
3982,0
3983,0
3984,1
3985,1
3986,0
3987,0
3988,1
3989,0
3990,0
3991,1
3992,0
3993,1
3994,1
3995,1
3996,1
3997,1
3998,0
3999,1
4000,0
4001,1
4002,0
4003,0
4004,1
4005,1
4006,0
4007,0
4008,0
4009,1
4010,1
4011,1
4012,0
4013,0
4014,1
4015,0
4016,1
4017,1
4018,1
4019,0
4020,1
4021,1
4022,1
4023,0
4024,1
4025,0
4026,0
4027,0
4028,1
4029,1
4030,0
4031,0
4032,1
4033,0
4034,0
4035,1
4036,0
4037,0
4038,0
4039,1
4040,0
4041,1
4042,0
4043,1
4044,1
4045,1
4046,0
4047,0
4048,0
4049,0
4050,1
4051,0
4052,1
4053,1
4054,0
4055,0
4056,0
4057,1
4058,0
4059,1
4060,1
4061,1
4062,1
4063,0
4064,0
4065,0
4066,1
4067,0
4068,1
4069,1
4070,0
4071,0
4072,1
4073,0
4074,0
4075,1
4076,0
4077,0
4078,1
4079,1
4080,1
4081,0
4082,1
4083,1
4084,1
4085,0
4086,1
4087,1
4088,0
4089,0
4090,1
4091,1
4092,1
4093,1
4094,0
4095,0
4096,1
4097,1
4098,0
4099,1
4100,1
4101,1
4102,1
4103,1
4104,0
4105,1
4106,1
4107,0
4108,0
4109,1
4110,0
4111,0
4112,1
4113,0
4114,0
4115,1
4116,1
4117,1
4118,1
4119,0
4120,0
4121,0
4122,1
4123,1
4124,1
4125,0
4126,0
4127,0
4128,1
4129,0
4130,0
4131,1
4132,1
4133,1
4134,0
4135,1
4136,0
4137,0
4138,0
4139,0
4140,0
4141,0
4142,1
4143,1
4144,1
4145,0
4146,1
4147,0
4148,0
4149,1
4150,1
4151,0
4152,0
4153,0
4154,0
4155,1
4156,0
4157,1
4158,0
4159,0
4160,1
4161,0
4162,1
4163,0
4164,0
4165,0
4166,1
4167,0
4168,1
4169,1
4170,0
4171,0
4172,1
4173,0
4174,0
4175,1
4176,0
4177,0
4178,0
4179,0
4180,0
4181,0
4182,0
4183,1
4184,1
4185,0
4186,1
4187,0
4188,0
4189,0
4190,1
4191,0
4192,1
4193,0
4194,0
4195,0
4196,1
4197,0
4198,0
4199,0
4200,1
4201,1
4202,1
4203,0
4204,1
4205,0
4206,1
4207,0
4208,0
4209,1
4210,1
4211,0
4212,1
4213,0
4214,1
4215,0
4216,1
4217,0
4218,1
4219,0
4220,1
4221,1
4222,1
4223,0
4224,0
4225,1
4226,0
4227,1
4228,1
4229,0
4230,0
4231,1
4232,0
4233,0
4234,0
4235,0
4236,0
4237,1
4238,1
4239,1
4240,0
4241,1
4242,0
4243,1
4244,1
4245,0
4246,1
4247,0
4248,1
4249,1
4250,1
4251,1
4252,0
4253,0
4254,1
4255,0
4256,0
4257,0
4258,0
4259,0
4260,1
4261,1
4262,1
4263,0
4264,0
4265,1
4266,1
4267,1
4268,1
4269,0
4270,0
4271,1
4272,1
4273,1
4274,0
4275,1
4276,0
4277,0
4278,1
4279,1
4280,0
4281,0
4282,1
4283,1
4284,0
4285,0
4286,1
4287,0
4288,0
4289,1
4290,1
4291,1
4292,0
4293,1
4294,1
4295,1
4296,0
4297,1
4298,0
4299,1
4300,1
4301,0
4302,0
4303,1
4304,1
4305,1
4306,1
4307,0
4308,0
4309,0
4310,0
4311,1
4312,1
4313,0
4314,0
4315,1
4316,1
4317,1
4318,1
4319,1
4320,0
4321,1
4322,0
4323,0
4324,1
4325,0
4326,0
4327,0
4328,0
4329,1
4330,1
4331,1
4332,0
4333,0
4334,1
4335,0
4336,1
4337,1
4338,0
4339,1
4340,1
4341,0
4342,1
4343,1
4344,1
4345,1
4346,1
4347,0
4348,0
4349,1
4350,0
4351,0
4352,1
4353,1
4354,0
4355,0
4356,0
4357,0
4358,0
4359,1
4360,0
4361,0
4362,0
4363,1
4364,1
4365,1
4366,1
4367,1
4368,0
4369,1
4370,0
4371,1
4372,1
4373,1
4374,1
4375,1
4376,0
4377,1
4378,1
4379,0
4380,1
4381,0
4382,1
4383,1
4384,1
4385,1
4386,0
4387,0
4388,0
4389,0
4390,0
4391,0
4392,0
4393,1
4394,0
4395,1
4396,1
4397,0
4398,1
4399,0
4400,0
4401,1
4402,1
4403,0
4404,0
4405,0
4406,0
4407,1
4408,0
4409,0
4410,0
4411,0
4412,0
4413,1
4414,1
4415,0
4416,1
4417,1
4418,0
4419,0
4420,0
4421,1
4422,1
4423,1
4424,0
4425,1
4426,0
4427,0
4428,1
4429,0
4430,1
4431,0
4432,1
4433,0
4434,1
4435,1
4436,0
4437,1
4438,1
4439,0
4440,0
4441,0
4442,0
4443,0
4444,1
4445,0
4446,1
4447,0
4448,1
4449,1
4450,1
4451,1
4452,1
4453,1
4454,1
4455,0
4456,0
4457,0
4458,0
4459,0
4460,0
4461,0
4462,1
4463,1
4464,0
4465,0
4466,0
4467,1
4468,0
4469,1
4470,1
4471,0
4472,0
4473,1
4474,0
4475,0
4476,0
4477,1
4478,0
4479,0
4480,0
4481,1
4482,0
4483,0
4484,0
4485,1
4486,1
4487,1
4488,1
4489,1
4490,0
4491,1
4492,0
4493,0
4494,1
4495,0
4496,1
4497,1
4498,1
4499,1
4500,1
4501,1
4502,1
4503,0
4504,0
4505,0
4506,0
4507,0
4508,0
4509,1
4510,1
4511,1
4512,0
4513,0
4514,1
4515,0
4516,1
4517,0
4518,1
4519,1
4520,0
4521,0
4522,0
4523,0
4524,0
4525,1
4526,0
4527,0
4528,1
4529,1
4530,1
4531,1
4532,1
4533,0
4534,1
4535,1
4536,0
4537,0
4538,1
4539,1
4540,0
4541,0
4542,0
4543,0
4544,0
4545,0
4546,0
4547,1
4548,0
4549,0
4550,1
4551,1
4552,1
4553,1
4554,1
4555,0
4556,1
4557,0
4558,1
4559,0
4560,0
4561,0
4562,1
4563,1
4564,0
4565,1
4566,1
4567,0
4568,1
4569,1
4570,1
4571,0
4572,0
4573,0
4574,1
4575,0
4576,1
4577,1
4578,0
4579,1
4580,1
4581,1
4582,1
4583,0
4584,1
4585,1
4586,0
4587,0
4588,1
4589,0
4590,0
4591,0
4592,0
4593,0
4594,0
4595,1
4596,0
4597,1
4598,0
4599,1
4600,0
4601,0
4602,1
4603,1
4604,1
4605,1
4606,0
4607,0
4608,0
4609,0
4610,0
4611,1
4612,1
4613,0
4614,0
4615,1
4616,1
4617,0
4618,0
4619,0
4620,1
4621,0
4622,0
4623,0
4624,0
4625,0
4626,0
4627,1
4628,0
4629,1
4630,0
4631,0
4632,0
4633,0
4634,1
4635,0
4636,1
4637,1
4638,1
4639,0
4640,1
4641,0
4642,0
4643,0
4644,1
4645,1
4646,0
4647,0
4648,0
4649,1
4650,1
4651,1
4652,0
4653,0
4654,0
4655,0
4656,1
4657,0
4658,0
4659,1
4660,0
4661,1
4662,1
4663,1
4664,0
4665,1
4666,0
4667,0
4668,0
4669,1
4670,1
4671,0
4672,0
4673,1
4674,0
4675,0
4676,0
4677,1
4678,0
4679,0
4680,0
4681,0
4682,1
4683,0
4684,0
4685,0
4686,0
4687,0
4688,0
4689,0
4690,1
4691,0
4692,1
4693,0
4694,1
4695,0
4696,1
4697,1
4698,1
4699,0
4700,0
4701,0
4702,1
4703,0
4704,0
4705,1
4706,0
4707,1
4708,0
4709,0
4710,0
4711,1
4712,0
4713,0
4714,1
4715,1
4716,0
4717,0
4718,1
4719,1
4720,1
4721,0
4722,1
4723,1
4724,1
4725,1
4726,0
4727,1
4728,0
4729,1
4730,0
4731,0
4732,0
4733,1
4734,0
4735,0
4736,0
4737,1
4738,1
4739,0
4740,1
4741,1
4742,0
4743,0
4744,0
4745,1
4746,0
4747,0
4748,0
4749,0
4750,1
4751,0
4752,1
4753,0
4754,1
4755,0
4756,1
4757,0
4758,1
4759,1
4760,0
4761,0
4762,0
4763,0
4764,0
4765,0
4766,1
4767,0
4768,0
4769,1
4770,0
4771,1
4772,0
4773,0
4774,0
4775,1
4776,0
4777,1
4778,1
4779,0
4780,0
4781,1
4782,0
4783,1
4784,1
4785,0
4786,0
4787,0
4788,0
4789,0
4790,0
4791,0
4792,0
4793,0
4794,0
4795,1
4796,1
4797,1
4798,1
4799,0
4800,1
4801,0
4802,0
4803,0
4804,1
4805,0
4806,1
4807,1
4808,0
4809,1
4810,0
4811,0
4812,0
4813,1
4814,0
4815,0
4816,1
4817,1
4818,1
4819,1
4820,1
4821,1
4822,1
4823,1
4824,0
4825,0
4826,1
4827,1
4828,0
4829,0
4830,0
4831,0
4832,1
4833,1
4834,1
4835,0
4836,1
4837,1
4838,0
4839,0
4840,0
4841,0
4842,1
4843,1
4844,0
4845,1
4846,0
4847,0
4848,0
4849,1
4850,1
4851,0
4852,0
4853,0
4854,1
4855,1
4856,1
4857,1
4858,1
4859,0
4860,0
4861,1
4862,0
4863,1
4864,0
4865,0
4866,1
4867,0
4868,1
4869,0
4870,0
4871,1
4872,1
4873,1
4874,1
4875,0
4876,0
4877,0
4878,0
4879,0
4880,1
4881,1
4882,0
4883,0
4884,1
4885,0
4886,0
4887,1
4888,1
4889,0
4890,1
4891,1
4892,0
4893,1
4894,0
4895,1
4896,1
4897,1
4898,1
4899,0
4900,0
4901,1
4902,0
4903,0
4904,0
4905,0
4906,1
4907,1
4908,0
4909,0
4910,1
4911,0
4912,1
4913,1
4914,1
4915,0
4916,1
4917,0
4918,0
4919,0
4920,1
4921,1
4922,1
4923,0
4924,1
4925,1
4926,0
4927,1
4928,1
4929,0
4930,0
4931,0
4932,1
4933,1
4934,0
4935,0
4936,1
4937,1
4938,0
4939,0
4940,1
4941,0
4942,1
4943,1
4944,0
4945,1
4946,1
4947,0
4948,0
4949,0
4950,0
4951,0
4952,0
4953,1
4954,1
4955,1
4956,0
4957,0
4958,0
4959,1
4960,1
4961,0
4962,0
4963,1
4964,0
4965,1
4966,0
4967,1
4968,0
4969,1
4970,1
4971,1
4972,0
4973,0
4974,0
4975,0
4976,1
4977,1
4978,0
4979,0
4980,1
4981,1
4982,1
4983,1
4984,1
4985,0
4986,0
4987,1
4988,1
4989,0
4990,1
4991,1
4992,0
4993,0
4994,0
4995,0
4996,1
4997,1
4998,1
4999,1
5000,1
5001,1
5002,0
5003,0
5004,1
5005,0
5006,0
5007,1
5008,1
5009,0
5010,1
5011,0
5012,1
5013,1
5014,0
5015,1
5016,0
5017,1
5018,1
5019,1
5020,0
5021,1
5022,0
5023,0
5024,1
5025,0
5026,0
5027,1
5028,1
5029,0
5030,1
5031,1
5032,1
5033,1
5034,0
5035,0
5036,0
5037,1
5038,0
5039,1
5040,1
5041,1
5042,1
5043,1
5044,1
5045,1
5046,1
5047,1
5048,1
5049,0
5050,1
5051,1
5052,0
5053,0
5054,0
5055,0
5056,0
5057,0
5058,1
5059,0
5060,0
5061,1
5062,0
5063,1
5064,1
5065,1
5066,0
5067,0
5068,1
5069,0
5070,0
5071,0
5072,0
5073,0
5074,0
5075,1
5076,0
5077,1
5078,1
5079,1
5080,0
5081,0
5082,1
5083,1
5084,1
5085,0
5086,1
5087,1
5088,1
5089,1
5090,0
5091,0
5092,0
5093,0
5094,1
5095,0
5096,0
5097,1
5098,0
5099,1
5100,0
5101,0
5102,1
5103,0
5104,0
5105,1
5106,0
5107,0
5108,1
5109,0
5110,1
5111,1
5112,1
5113,1
5114,0
5115,1
5116,0
5117,0
5118,0
5119,0
5120,0
5121,0
5122,0
5123,1
5124,0
5125,0
5126,1
5127,1
5128,1
5129,0
5130,0
5131,1
5132,1
5133,1
5134,0
5135,0
5136,1
5137,0
5138,0
5139,0
5140,1
5141,1
5142,0
5143,0
5144,0
5145,1
5146,1
5147,0
5148,1
5149,0
5150,0
5151,1
5152,0
5153,0
5154,1
5155,0
5156,0
5157,0
5158,1
5159,0
5160,1
5161,1
5162,0
5163,1
5164,1
5165,0
5166,0
5167,0
5168,0
5169,1
5170,1
5171,0
5172,0
5173,0
5174,0
5175,0
5176,0
5177,1
5178,0
5179,1
5180,1
5181,0
5182,0
5183,1
5184,0
5185,1
5186,0
5187,0
5188,0
5189,0
5190,1
5191,1
5192,1
5193,0
5194,0
5195,1
5196,1
5197,0
5198,1
5199,1
5200,1
5201,0
5202,1
5203,1
5204,1
5205,1
5206,0
5207,0
5208,0
5209,0
5210,0
5211,0
5212,0
5213,1
5214,0
5215,1
5216,0
5217,1
5218,1
5219,1
5220,0
5221,1
5222,1
5223,1
5224,0
5225,0
5226,1
5227,0
5228,0
5229,0
5230,1
5231,1
5232,1
5233,1
5234,1
5235,1
5236,1
5237,0
5238,1
5239,1
5240,1
5241,0
5242,0
5243,1
5244,1
5245,1
5246,1
5247,1
5248,0
5249,0
5250,1
5251,0
5252,1
5253,0
5254,1
5255,1
5256,1
5257,1
5258,1
5259,0
5260,0
5261,0
5262,0
5263,1
5264,1
5265,1
5266,1
5267,1
5268,0
5269,1
5270,0
5271,1
5272,0
5273,0
5274,0
5275,0
5276,1
5277,0
5278,1
5279,0
5280,0
5281,0
5282,0
5283,1
5284,0
5285,1
5286,0
5287,0
5288,1
5289,0
5290,0
5291,0
5292,0
5293,1
5294,0
5295,0
5296,1
5297,1
5298,1
5299,1
5300,1
5301,1
5302,0
5303,1
5304,0
5305,1
5306,1
5307,0
5308,0
5309,0
5310,0
5311,0
5312,1
5313,0
5314,1
5315,0
5316,0
5317,1
5318,1
5319,1
5320,1
5321,1
5322,1
5323,1
5324,1
5325,0
5326,1
5327,0
5328,0
5329,1
5330,1
5331,1
5332,1
5333,0
5334,0
5335,1
5336,0
5337,0
5338,1
5339,1
5340,0
5341,1
5342,1
5343,1
5344,0
5345,0
5346,0
5347,1
5348,0
5349,1
5350,1
5351,1
5352,1
5353,0
5354,0
5355,1
5356,0
5357,0
5358,0
5359,0
5360,1
5361,0
5362,1
5363,1
5364,0
5365,0
5366,0
5367,0
5368,1
5369,0
5370,1
5371,1
5372,1
5373,1
5374,0
5375,1
5376,1
5377,1
5378,0
5379,1
5380,0
5381,0
5382,0
5383,1
5384,1
5385,0
5386,0
5387,1
5388,1
5389,1
5390,0
5391,1
5392,0
5393,1
5394,0
5395,1
5396,0
5397,0
5398,1
5399,0
5400,0
5401,0
5402,0
5403,1
5404,1
5405,1
5406,0
5407,0
5408,0
5409,1
5410,0
5411,1
5412,0
5413,0
5414,0
5415,0
5416,0
5417,0
5418,0
5419,0
5420,0
5421,0
5422,1
5423,1
5424,0
5425,1
5426,1
5427,0
5428,0
5429,1
5430,0
5431,0
5432,0
5433,0
5434,1
5435,0
5436,0
5437,0
5438,1
5439,0
5440,1
5441,0
5442,0
5443,0
5444,1
5445,0
5446,0
5447,1
5448,0
5449,1
5450,0
5451,0
5452,0
5453,1
5454,1
5455,0
5456,0
5457,0
5458,0
5459,0
5460,1
5461,0
5462,1
5463,1
5464,0
5465,1
5466,1
5467,0
5468,0
5469,0
5470,1
5471,0
5472,1
5473,1
5474,1
5475,0
5476,1
5477,0
5478,0
5479,1
5480,0
5481,0
5482,1
5483,0
5484,0
5485,0
5486,0
5487,0
5488,1
5489,1
5490,0
5491,1
5492,0
5493,0
5494,0
5495,1
5496,1
5497,0
5498,0
5499,1
5500,1
5501,0
5502,0
5503,0
5504,1
5505,1
5506,0
5507,1
5508,0
5509,1
5510,0
5511,0
5512,0
5513,1
5514,1
5515,0
5516,1
5517,1
5518,1
5519,0
5520,0
5521,0
5522,1
5523,0
5524,0
5525,1
5526,1
5527,1
5528,0
5529,1
5530,0
5531,0
5532,1
5533,1
5534,0
5535,1
5536,1
5537,1
5538,1
5539,1
5540,0
5541,1
5542,1
5543,1
5544,0
5545,1
5546,0
5547,1
5548,1
5549,1
5550,1
5551,0
5552,1
5553,1
5554,0
5555,1
5556,1
5557,1
5558,0
5559,0
5560,1
5561,0
5562,0
5563,0
5564,0
5565,0
5566,0
5567,1
5568,1
5569,1
5570,0
5571,0
5572,0
5573,0
5574,0
5575,1
5576,0
5577,0
5578,0
5579,1
5580,0
5581,1
5582,0
5583,0
5584,0
5585,1
5586,1
5587,1
5588,0
5589,0
5590,1
5591,0
5592,0
5593,0
5594,1
5595,0
5596,0
5597,0
5598,1
5599,1
5600,1
5601,1
5602,0
5603,1
5604,1
5605,1
5606,1
5607,0
5608,0
5609,0
5610,0
5611,0
5612,0
5613,1
5614,0
5615,1
5616,1
5617,0
5618,1
5619,1
5620,0
5621,1
5622,1
5623,0
5624,1
5625,1
5626,0
5627,0
5628,1
5629,0
5630,1
5631,0
5632,1
5633,1
5634,1
5635,1
5636,1
5637,0
5638,0
5639,1
5640,0
5641,1
5642,1
5643,0
5644,1
5645,1
5646,1
5647,1
5648,0
5649,0
5650,1
5651,0
5652,0
5653,1
5654,0
5655,1
5656,0
5657,0
5658,1
5659,1
5660,1
5661,1
5662,1
5663,1
5664,0
5665,0
5666,0
5667,0
5668,0
5669,0
5670,1
5671,1
5672,0
5673,0
5674,0
5675,0
5676,1
5677,1
5678,1
5679,0
5680,1
5681,0
5682,1
5683,0
5684,1
5685,1
5686,0
5687,0
5688,1
5689,0
5690,0
5691,1
5692,1
5693,0
5694,1
5695,0
5696,0
5697,1
5698,1
5699,0
5700,0
5701,1
5702,1
5703,0
5704,0
5705,0
5706,0
5707,1
5708,1
5709,0
5710,1
5711,0
5712,0
5713,0
5714,0
5715,0
5716,0
5717,1
5718,0
5719,0
5720,1
5721,1
5722,0
5723,1
5724,0
5725,1
5726,1
5727,0
5728,1
5729,1
5730,0
5731,0
5732,0
5733,1
5734,1
5735,1
5736,0
5737,0
5738,0
5739,1
5740,1
5741,0
5742,1
5743,0
5744,0
5745,1
5746,1
5747,1
5748,0
5749,1
5750,0
5751,1
5752,0
5753,1
5754,0
5755,0
5756,0
5757,0
5758,0
5759,1
5760,1
5761,0
5762,1
5763,0
5764,1
5765,0
5766,0
5767,1
5768,1
5769,1
5770,1
5771,1
5772,1
5773,1
5774,1
5775,1
5776,0
5777,1
5778,0
5779,1
5780,0
5781,0
5782,1
5783,1
5784,1
5785,0
5786,0
5787,1
5788,1
5789,1
5790,0
5791,1
5792,0
5793,0
5794,1
5795,0
5796,1
5797,1
5798,1
5799,0
5800,0
5801,1
5802,0
5803,1
5804,0
5805,1
5806,0
5807,0
5808,1
5809,0
5810,0
5811,1
5812,1
5813,1
5814,0
5815,1
5816,0
5817,1
5818,1
5819,0
5820,0
5821,1
5822,1
5823,0
5824,1
5825,0
5826,0
5827,0
5828,0
5829,0
5830,1
5831,1
5832,0
5833,0
5834,1
5835,1
5836,1
5837,1
5838,1
5839,1
5840,0
5841,0
5842,0
5843,1
5844,1
5845,1
5846,1
5847,1
5848,1
5849,1
5850,0
5851,0
5852,1
5853,1
5854,0
5855,1
5856,1
5857,0
5858,1
5859,0
5860,0
5861,0
5862,1
5863,1
5864,1
5865,0
5866,0
5867,1
5868,0
5869,0
5870,0
5871,0
5872,0
5873,1
5874,1
5875,0
5876,0
5877,0
5878,1
5879,0
5880,0
5881,1
5882,1
5883,1
5884,0
5885,1
5886,1
5887,0
5888,0
5889,0
5890,0
5891,0
5892,0
5893,1
5894,1
5895,0
5896,1
5897,0
5898,1
5899,1
5900,1
5901,0
5902,0
5903,0
5904,1
5905,0
5906,1
5907,0
5908,1
5909,0
5910,0
5911,0
5912,0
5913,0
5914,1
5915,1
5916,1
5917,1
5918,1
5919,1
5920,0
5921,0
5922,1
5923,1
5924,1
5925,1
5926,1
5927,1
5928,0
5929,0
5930,1
5931,0
5932,0
5933,0
5934,0
5935,1
5936,0
5937,1
5938,1
5939,1
5940,0
5941,0
5942,0
5943,0
5944,1
5945,0
5946,1
5947,1
5948,1
5949,1
5950,1
5951,0
5952,1
5953,1
5954,0
5955,0
5956,0
5957,1
5958,1
5959,0
5960,1
5961,1
5962,1
5963,1
5964,0
5965,0
5966,1
5967,0
5968,0
5969,1
5970,1
5971,1
5972,0
5973,0
5974,0
5975,0
5976,1
5977,0
5978,1
5979,0
5980,0
5981,1
5982,1
5983,1
5984,0
5985,1
5986,0
5987,0
5988,1
5989,1
5990,1
5991,1
5992,1
5993,1
5994,0
5995,0
5996,0
5997,1
5998,0
5999,1
6000,0
6001,1
6002,0
6003,0
6004,1
6005,1
6006,1
6007,1
6008,1
6009,0
6010,1
6011,1
6012,0
6013,1
6014,1
6015,1
6016,1
6017,1
6018,0
6019,1
6020,0
6021,0
6022,0
6023,1
6024,1
6025,1
6026,0
6027,1
6028,1
6029,0
6030,1
6031,1
6032,1
6033,0
6034,1
6035,1
6036,0
6037,1
6038,1
6039,0
6040,0
6041,1
6042,1
6043,1
6044,0
6045,1
6046,1
6047,1
6048,1
6049,0
6050,1
6051,1
6052,1
6053,0
6054,0
6055,1
6056,0
6057,0
6058,1
6059,1
6060,1
6061,0
6062,0
6063,0
6064,1
6065,1
6066,0
6067,1
6068,1
6069,0
6070,1
6071,1
6072,1
6073,1
6074,1
6075,0
6076,1
6077,0
6078,0
6079,1
6080,1
6081,1
6082,1
6083,1
6084,1
6085,0
6086,1
6087,1
6088,1
6089,1
6090,1
6091,1
6092,1
6093,0
6094,0
6095,1
6096,1
6097,1
6098,0
6099,0
6100,0
6101,0
6102,0
6103,1
6104,1
6105,1
6106,1
6107,1
6108,1
6109,0
6110,0
6111,1
6112,0
6113,0
6114,0
6115,1
6116,0
6117,1
6118,1
6119,1
6120,1
6121,1
6122,1
6123,0
6124,0
6125,1
6126,0
6127,0
6128,0
6129,1
6130,1
6131,1
6132,1
6133,0
6134,0
6135,1
6136,1
6137,0
6138,0
6139,1
6140,0
6141,0
6142,0
6143,1
6144,0
6145,1
6146,1
6147,1
6148,0
6149,0
6150,1
6151,0
6152,1
6153,1
6154,0
6155,1
6156,0
6157,0
6158,1
6159,1
6160,1
6161,1
6162,1
6163,0
6164,0
6165,0
6166,1
6167,1
6168,0
6169,0
6170,0
6171,0
6172,0
6173,0
6174,1
6175,1
6176,0
6177,1
6178,1
6179,1
6180,1
6181,0
6182,1
6183,1
6184,1
6185,1
6186,0
6187,1
6188,1
6189,0
6190,0
6191,1
6192,1
6193,1
6194,0
6195,0
6196,0
6197,1
6198,1
6199,1
6200,1
6201,0
6202,0
6203,1
6204,0
6205,0
6206,0
6207,0
6208,0
6209,0
6210,1
6211,1
6212,1
6213,0
6214,0
6215,0
6216,0
6217,1
6218,1
6219,1
6220,1
6221,0
6222,1
6223,1
6224,0
6225,0
6226,1
6227,0
6228,1
6229,1
6230,0
6231,0
6232,1
6233,0
6234,1
6235,0
6236,1
6237,1
6238,1
6239,0
6240,0
6241,0
6242,1
6243,0
6244,1
6245,0
6246,0
6247,1
6248,0
6249,0
6250,0
6251,1
6252,0
6253,1
6254,1
6255,1
6256,1
6257,1
6258,0
6259,0
6260,0
6261,1
6262,1
6263,0
6264,1
6265,0
6266,1
6267,1
6268,1
6269,0
6270,0
6271,0
6272,0
6273,0
6274,1
6275,1
6276,0
6277,1
6278,0
6279,0
6280,0
6281,1
6282,1
6283,0
6284,0
6285,1
6286,0
6287,1
6288,0
6289,1
6290,1
6291,1
6292,0
6293,1
6294,0
6295,1
6296,0
6297,0
6298,1
6299,0
6300,1
6301,0
6302,0
6303,0
6304,0
6305,0
6306,0
6307,1
6308,0
6309,1
6310,1
6311,1
6312,0
6313,0
6314,0
6315,1
6316,1
6317,1
6318,1
6319,0
6320,1
6321,0
6322,0
6323,1
6324,1
6325,0
6326,0
6327,0
6328,1
6329,0
6330,1
6331,1
6332,0
6333,1
6334,1
6335,0
6336,1
6337,1
6338,1
6339,0
6340,1
6341,0
6342,0
6343,1
6344,0
6345,0
6346,0
6347,0
6348,0
6349,0
6350,1
6351,1
6352,0
6353,1
6354,0
6355,1
6356,0
6357,1
6358,1
6359,0
6360,1
6361,0
6362,0
6363,1
6364,1
6365,0
6366,1
6367,1
6368,1
6369,1
6370,1
6371,0
6372,1
6373,1
6374,1
6375,0
6376,1
6377,1
6378,1
6379,0
6380,0
6381,1
6382,1
6383,1
6384,0
6385,0
6386,0
6387,1
6388,1
6389,1
6390,0
6391,0
6392,0
6393,1
6394,0
6395,0
6396,1
6397,0
6398,1
6399,1
6400,0
6401,1
6402,0
6403,0
6404,0
6405,1
6406,0
6407,1
6408,0
6409,0
6410,1
6411,0
6412,1
6413,1
6414,1
6415,1
6416,0
6417,1
6418,0
6419,0
6420,1
6421,0
6422,1
6423,1
6424,1
6425,0
6426,0
6427,1
6428,0
6429,0
6430,1
6431,0
6432,0
6433,1
6434,0
6435,1
6436,0
6437,0
6438,1
6439,1
6440,1
6441,1
6442,0
6443,1
6444,1
6445,0
6446,1
6447,1
6448,1
6449,1
6450,0
6451,1
6452,0
6453,1
6454,0
6455,0
6456,1
6457,0
6458,1
6459,0
6460,0
6461,0
6462,1
6463,0
6464,0
6465,0
6466,1
6467,0
6468,0
6469,0
6470,0
6471,0
6472,1
6473,0
6474,0
6475,0
6476,0
6477,0
6478,1
6479,0
6480,1
6481,1
6482,1
6483,1
6484,0
6485,0
6486,1
6487,0
6488,0
6489,1
6490,0
6491,0
6492,1
6493,0
6494,1
6495,0
6496,1
6497,1
6498,1
6499,1
6500,0
6501,1
6502,0
6503,0
6504,0
6505,1
6506,0
6507,1
6508,1
6509,0
6510,1
6511,0
6512,0
6513,1
6514,1
6515,1
6516,1
6517,0
6518,1
6519,0
6520,0
6521,0
6522,0
6523,1
6524,1
6525,0
6526,1
6527,1
6528,0
6529,1
6530,0
6531,0
6532,0
6533,0
6534,0
6535,1
6536,0
6537,0
6538,0
6539,0
6540,1
6541,1
6542,0
6543,0
6544,1
6545,1
6546,0
6547,1
6548,1
6549,1
6550,1
6551,1
6552,1
6553,0
6554,1
6555,0
6556,1
6557,0
6558,1
6559,0
6560,0
6561,0
6562,1
6563,1
6564,1
6565,1
6566,0
6567,0
6568,0
6569,1
6570,1
6571,0
6572,0
6573,0
6574,0
6575,0
6576,1
6577,0
6578,1
6579,0
6580,1
6581,1
6582,0
6583,0
6584,0
6585,1
6586,0
6587,1
6588,0
6589,1
6590,1
6591,0
6592,0
6593,1
6594,1
6595,1
6596,0
6597,0
6598,0
6599,0
6600,1
6601,0
6602,0
6603,1
6604,0
6605,0
6606,1
6607,1
6608,1
6609,1
6610,1
6611,0
6612,1
6613,0
6614,0
6615,0
6616,1
6617,1
6618,0
6619,1
6620,0
6621,1
6622,1
6623,0
6624,0
6625,1
6626,0
6627,0
6628,1
6629,0
6630,1
6631,0
6632,0
6633,1
6634,1
6635,1
6636,0
6637,0
6638,0
6639,0
6640,0
6641,0
6642,1
6643,1
6644,0
6645,0
6646,0
6647,0
6648,0
6649,1
6650,1
6651,1
6652,0
6653,1
6654,1
6655,1
6656,0
6657,0
6658,0
6659,1
6660,1
6661,0
6662,0
6663,0
6664,1
6665,1
6666,0
6667,0
6668,1
6669,1
6670,1
6671,1
6672,1
6673,0
6674,1
6675,0
6676,0
6677,1
6678,0
6679,0
6680,1
6681,0
6682,0
6683,1
6684,0
6685,0
6686,1
6687,1
6688,1
6689,0
6690,0
6691,1
6692,0
6693,0
6694,1
6695,0
6696,1
6697,0
6698,0
6699,0
6700,1
6701,1
6702,1
6703,0
6704,0
6705,0
6706,1
6707,1
6708,1
6709,0
6710,0
6711,0
6712,0
6713,0
6714,1
6715,1
6716,1
6717,1
6718,1
6719,1
6720,1
6721,1
6722,0
6723,1
6724,1
6725,1
6726,0
6727,1
6728,1
6729,0
6730,0
6731,0
6732,0
6733,0
6734,1
6735,0
6736,0
6737,0
6738,1
6739,1
6740,0
6741,0
6742,1
6743,0
6744,0
6745,0
6746,0
6747,1
6748,0
6749,1
6750,1
6751,1
6752,0
6753,1
6754,1
6755,0
6756,1
6757,0
6758,0
6759,0
6760,1
6761,1
6762,1
6763,1
6764,1
6765,0
6766,1
6767,1
6768,1
6769,0
6770,0
6771,0
6772,1
6773,0
6774,0
6775,0
6776,1
6777,0
6778,0
6779,1
6780,0
6781,0
6782,0
6783,0
6784,0
6785,0
6786,1
6787,1
6788,0
6789,1
6790,1
6791,1
6792,0
6793,1
6794,1
6795,1
6796,0
6797,1
6798,0
6799,0
6800,1
6801,1
6802,1
6803,0
6804,0
6805,0
6806,0
6807,1
6808,1
6809,0
6810,1
6811,1
6812,0
6813,0
6814,1
6815,1
6816,1
6817,0
6818,0
6819,0
6820,1
6821,0
6822,1
6823,0
6824,0
6825,0
6826,0
6827,1
6828,1
6829,0
6830,1
6831,0
6832,1
6833,0
6834,0
6835,0
6836,0
6837,0
6838,1
6839,0
6840,0
6841,0
6842,1
6843,0
6844,0
6845,0
6846,1
6847,0
6848,1
6849,0
6850,1
6851,1
6852,0
6853,1
6854,1
6855,0
6856,0
6857,1
6858,1
6859,1
6860,0
6861,1
6862,1
6863,1
6864,1
6865,0
6866,0
6867,1
6868,1
6869,1
6870,1
6871,0
6872,0
6873,0
6874,1
6875,0
6876,1
6877,1
6878,1
6879,1
6880,1
6881,1
6882,0
6883,1
6884,1
6885,1
6886,0
6887,1
6888,1
6889,0
6890,1
6891,0
6892,1
6893,0
6894,1
6895,1
6896,0
6897,1
6898,0
6899,0
6900,0
6901,1
6902,1
6903,1
6904,1
6905,1
6906,1
6907,0
6908,1
6909,0
6910,1
6911,1
6912,1
6913,0
6914,0
6915,0
6916,0
6917,0
6918,1
6919,0
6920,0
6921,0
6922,1
6923,0
6924,0
6925,1
6926,1
6927,1
6928,0
6929,1
6930,0
6931,0
6932,0
6933,1
6934,0
6935,1
6936,0
6937,0
6938,1
6939,0
6940,0
6941,1
6942,0
6943,1
6944,1
6945,0
6946,1
6947,0
6948,1
6949,1
6950,0
6951,0
6952,0
6953,0
6954,0
6955,0
6956,0
6957,1
6958,0
6959,1
6960,0
6961,1
6962,0
6963,1
6964,1
6965,1
6966,0
6967,1
6968,0
6969,1
6970,1
6971,0
6972,0
6973,0
6974,1
6975,0
6976,0
6977,1
6978,0
6979,1
6980,1
6981,0
6982,0
6983,0
6984,1
6985,0
6986,1
6987,0
6988,1
6989,0
6990,0
6991,1
6992,1
6993,0
6994,0
6995,1
6996,0
6997,1
6998,1
6999,0
7000,0
7001,0
7002,1
7003,1
7004,0
7005,0
7006,0
7007,0
7008,0
7009,0
7010,0
7011,0
7012,1
7013,0
7014,0
7015,0
7016,0
7017,0
7018,1
7019,1
7020,0
7021,1
7022,1
7023,1
7024,1
7025,1
7026,1
7027,1
7028,1
7029,1
7030,0
7031,1
7032,0
7033,1
7034,1
7035,1
7036,1
7037,1
7038,1
7039,0
7040,1
7041,1
7042,1
7043,0
7044,0
7045,1
7046,0
7047,0
